ccn,name,city,county,county_fips,zip,hospital_type,critical_access,ownership,emergency_services,health_system,county_rural,county_rucc,in_cehrt_bundle,endpoint_resolvable,org_endpoint_linked,ehr_vendor,vendor_record_synthetic,match_method
390001,GEISINGER-COMMUNITY MEDICAL CENTER,SCRANTON,LACKAWANNA,42069,18510,Acute Care Hospitals,False,Voluntary non-profit - Private,True,Geisinger,False,2,True,True,False,Epic,False,name_city_exact
390002,UPMC MCKEESPORT HOSPITAL,MC KEESPORT,ALLEGHENY,42003,15132,Acute Care Hospitals,False,Voluntary non-profit - Private,True,UPMC,False,1,True,True,True,athenahealth,False,name_city_exact
390003,GEISINGER-BLOOMSBURG HOSPITAL,BLOOMSBURG,COLUMBIA,42037,17815,Acute Care Hospitals,False,Voluntary non-profit - Private,True,Geisinger,True,4,True,True,False,Epic,False,name_city_exact
390004,PENN STATE HEALTH HOLY SPIRIT MEDICAL CENTER,CAMP HILL,CUMBERLAND,42041,17011,Acute Care Hospitals,False,Voluntary non-profit - Private,True,Penn State Health,False,2,False,False,False,,False,
390006,GEISINGER MEDICAL CENTER,DANVILLE,MONTOUR,42093,17822,Acute Care Hospitals,False,Voluntary non-profit - Private,True,Geisinger,True,6,True,True,False,Epic,False,name_city_exact
390009,SAINT VINCENT HOSPITAL,ERIE,ERIE,42049,16544,Acute Care Hospitals,False,Voluntary non-profit - Private,True,,False,2,True,True,False,Epic,False,name_city_exact
390012,JEFFERSON LANSDALE HOSPITAL,LANSDALE,MONTGOMERY,42091,19446,Acute Care Hospitals,False,Voluntary non-profit - Private,True,Jefferson Health,False,1,True,True,False,Epic,False,name_city_exact
390013,WELLSPAN EVANGELICAL COMMUNITY HOSPITAL,LEWISBURG,UNION,42119,17837,Acute Care Hospitals,False,Voluntary non-profit - Private,True,WellSpan Health,True,6,True,True,False,Epic,False,name_city_exact
390016,UPMC JAMESON,NEW CASTLE,LAWRENCE,42073,16105,Acute Care Hospitals,False,Voluntary non-profit - Other,True,UPMC,False,1,True,True,False,Epic,False,name_city_exact
39001F,JAMES E. VAN ZANDT VA MEDICAL CENTER (ALTOONA),ALTOONA,BLAIR,42013,16602,Acute Care - Veterans Administration,False,Veterans Health Administration,False,Veterans Health Administration,False,3,False,False,False,,False,
390025,KENSINGTON HOSPITAL,PHILADELPHIA,PHILADELPHIA,42101,19122,Acute Care Hospitals,False,Voluntary non-profit - Other,False,,False,1,True,True,True,Practice Fusion,False,name_city_token
390026,TEMPLE HEALTH - CHESTNUT HILL HOSPITAL,PHILADELPHIA,PHILADELPHIA,42101,19118,Acute Care Hospitals,False,Voluntary non-profit - Private,True,Temple Health,False,1,True,True,False,Epic,False,name_city_exact
390027,TEMPLE UNIVERSITY HOSPITAL,PHILADELPHIA,PHILADELPHIA,42101,19140,Acute Care Hospitals,False,Voluntary non-profit - Private,True,Temple Health,False,1,True,True,True,Carepaths Inc,False,name_city_token
390028,UPMC MERCY,PITTSBURGH,ALLEGHENY,42003,15219,Acute Care Hospitals,False,Voluntary non-profit - Private,True,UPMC,False,1,True,True,False,Epic,False,name_city_exact
390030,SCHUYLKILL MEDICAL CENTER - SOUTH JACKSON STREET,POTTSVILLE,SCHUYLKILL,42107,17901,Acute Care Hospitals,False,Voluntary non-profit - Private,True,,True,4,True,True,False,Epic,False,name_city_token
390032,ALLEGHENY VALLEY HOSPITAL,NATRONA,ALLEGHENY,42003,15065,Acute Care Hospitals,False,Voluntary non-profit - Private,True,Allegheny Health Network,False,1,False,False,False,,False,
390035,ST LUKE'S HOSPITAL - UPPER BUCKS CAMPUS,QUAKERTOWN,BUCKS,42017,18951,Acute Care Hospitals,False,Proprietary,True,St. Luke's University Health Network,False,1,True,True,False,Epic,False,name_city_exact
390036,HERITAGE VALLEY BEAVER,BEAVER,BEAVER,42007,15009,Acute Care Hospitals,False,Voluntary non-profit - Private,True,Heritage Valley Health System,False,1,True,True,True,athenahealth,False,name_city_exact
390037,HERITAGE VALLEY SEWICKLEY,SEWICKLEY,ALLEGHENY,42003,15143,Acute Care Hospitals,False,Voluntary non-profit - Private,True,Heritage Valley Health System,False,1,False,False,False,,False,
390039,UPMC SOMERSET,SOMERSET,SOMERSET,42111,15501,Acute Care Hospitals,False,Voluntary non-profit - Private,True,UPMC,True,6,True,True,False,Epic,False,name_city_exact
390041,UNIONTOWN HOSPITAL,UNIONTOWN,FAYETTE,42051,15401,Acute Care Hospitals,False,Voluntary non-profit - Private,True,,False,1,True,True,False,Epic,False,name_city_exact
390042,"WASHINGTON HOSPITAL, THE",WASHINGTON,WASHINGTON,42125,15301,Acute Care Hospitals,False,Voluntary non-profit - Private,True,,False,1,True,True,True,Darena Health,False,name_city_exact
390044,READING HOSPITAL,WEST READING,BERKS,42011,19611,Acute Care Hospitals,False,Voluntary non-profit - Private,True,,False,2,True,True,False,Epic,False,name_city_exact
390045,UPMC WILLIAMSPORT,WILLIAMSPORT,LYCOMING,42081,17701,Acute Care Hospitals,False,Voluntary non-profit - Private,True,UPMC,False,3,True,True,False,Epic,False,name_city_exact
390046,WELLSPAN YORK HOSPITAL,YORK,YORK,42133,17403,Acute Care Hospitals,False,Voluntary non-profit - Private,True,WellSpan Health,False,2,True,True,False,Epic,False,name_city_exact
390048,GEISINGER-LEWISTOWN HOSPITAL,LEWISTOWN,MIFFLIN,42087,17044,Acute Care Hospitals,False,Voluntary non-profit - Private,True,Geisinger,True,4,True,True,False,Epic,False,name_city_exact
390049,ST LUKES HOSPITAL,BETHLEHEM,NORTHAMPTON,42095,18015,Acute Care Hospitals,False,Voluntary non-profit - Private,True,St. Luke's University Health Network,False,2,True,True,True,athenahealth,False,name_city_exact
39004F,COATESVILLE VA MEDICAL CENTER,COATESVILLE,CHESTER,42029,19320,Acute Care - Veterans Administration,False,Veterans Health Administration,False,Veterans Health Administration,False,1,True,True,False,Epic,False,name_city_token
390050,ALLEGHENY GENERAL HOSPITAL,PITTSBURGH,ALLEGHENY,42003,15212,Acute Care Hospitals,False,Voluntary non-profit - Private,True,Allegheny Health Network,False,1,True,True,False,Epic,False,name_city_exact
390056,PENN HIGHLANDS HUNTINGDON,HUNTINGDON,HUNTINGDON,42061,16652,Acute Care Hospitals,False,Voluntary non-profit - Private,True,Penn Highlands Healthcare,True,6,True,True,True,MEDITECH,False,name_city_exact
390057,ST LUKE'S HOSPITAL - GRAND VIEW CAMPUS,SELLERSVILLE,BUCKS,42017,18960,Acute Care Hospitals,False,Voluntary non-profit - Other,True,St. Luke's University Health Network,False,1,True,True,False,Epic,False,name_city_exact
390058,UPMC CARLISLE,CARLISLE,CUMBERLAND,42041,17015,Acute Care Hospitals,False,Voluntary non-profit - Private,True,UPMC,False,2,True,True,False,Epic,False,name_city_exact
39005F,ERIE VA MEDICAL CENTER,ERIE,ERIE,42049,16504,Acute Care - Veterans Administration,False,Veterans Health Administration,False,Veterans Health Administration,False,2,True,True,True,NextGen,False,name_city_token
390062,CONEMAUGH NASON MEDICAL CENTER,ROARING SPRING,BLAIR,42013,16673,Acute Care Hospitals,False,Voluntary non-profit - Other,True,Conemaugh Health System,False,3,True,True,False,Epic,False,name_city_exact
390063,UPMC HAMOT,ERIE,ERIE,42049,16550,Acute Care Hospitals,False,Voluntary non-profit - Private,True,UPMC,False,2,True,True,False,Epic,False,name_city_exact
390065,GETTYSBURG HOSPITAL,GETTYSBURG,ADAMS,42001,17325,Acute Care Hospitals,False,Voluntary non-profit - Private,True,,False,3,True,True,True,athenahealth,False,name_city_exact
390066,WELLSPAN GOOD SAMARITAN HOSPITAL,LEBANON,LEBANON,42075,17042,Acute Care Hospitals,False,Voluntary non-profit - Private,True,WellSpan Health,False,3,True,True,False,Epic,False,name_city_exact
390067,UPMC PINNACLE HOSPITALS,HARRISBURG,DAUPHIN,42043,17104,Acute Care Hospitals,False,Voluntary non-profit - Private,True,UPMC,False,2,True,True,True,athenahealth,False,name_city_token
390068,UPMC LITITZ,LITITZ,LANCASTER,42071,17543,Acute Care Hospitals,False,Voluntary non-profit - Other,True,UPMC,False,2,True,True,False,Epic,False,name_city_exact
39006F,LEBANON VA MEDICAL CENTER,LEBANON,LEBANON,42075,17042,Acute Care - Veterans Administration,False,Veterans Health Administration,True,Veterans Health Administration,False,3,True,True,False,Epic,False,name_city_token
390070,LOWER BUCKS HOSPITAL,BRISTOL,BUCKS,42017,19007,Acute Care Hospitals,False,Voluntary non-profit - Private,True,,False,1,True,True,False,Epic,False,name_city_exact
390073,UPMC ALTOONA,ALTOONA,BLAIR,42013,16601,Acute Care Hospitals,False,Voluntary non-profit - Private,True,UPMC,False,3,True,True,False,Epic,False,name_city_exact
390079,ROBERT PACKER HOSPITAL,SAYRE,BRADFORD,42015,18840,Acute Care Hospitals,False,Voluntary non-profit - Private,True,,True,6,True,True,False,Epic,False,name_city_exact
390086,PENN HIGHLANDS DUBOIS,DUBOIS,CLEARFIELD,42033,15801,Acute Care Hospitals,False,Voluntary non-profit - Private,True,Penn Highlands Healthcare,True,4,False,False,False,,False,
390090,WEST PENN HOSPITAL,PITTSBURGH,ALLEGHENY,42003,15224,Acute Care Hospitals,False,Voluntary non-profit - Private,True,,False,1,True,True,False,Epic,False,name_city_exact
390091,UPMC NORTHWEST,SENECA,VENANGO,42121,16346,Acute Care Hospitals,False,Voluntary non-profit - Other,True,UPMC,True,4,True,True,False,Epic,False,name_city_exact
390093,CLARION HOSPITAL,CLARION,CLARION,42031,16214,Acute Care Hospitals,False,Voluntary non-profit - Private,True,,True,6,True,True,True,AdvancedMD,True,name_city_token
390096,PENN STATE HEALTH ST. JOSEPH,READING,BERKS,42011,19605,Acute Care Hospitals,False,Voluntary non-profit - Private,True,Penn State Health,False,2,False,False,False,,False,
390097,HOLY REDEEMER HOSPITAL AND MEDICAL CENTER,MEADOWBROOK,MONTGOMERY,42091,19046,Acute Care Hospitals,False,Voluntary non-profit - Church,True,,False,1,True,True,True,athenahealth,False,name_city_exact
39009F,PHILADELPHIA VA MEDICAL CENTER,PHILADELPHIA,PHILADELPHIA,42101,19104,Acute Care - Veterans Administration,False,Veterans Health Administration,True,Veterans Health Administration,False,1,True,True,True,Office Practicum,False,name_city_token
390100,LANCASTER GENERAL HOSPITAL,LANCASTER,LANCASTER,42071,17602,Acute Care Hospitals,False,Voluntary non-profit - Private,True,,False,2,True,True,False,Epic,False,name_city_exact
390101,UPMC MEMORIAL,YORK,YORK,42133,17408,Acute Care Hospitals,False,Voluntary non-profit - Private,True,UPMC,False,2,True,True,False,Epic,False,name_city_exact
390102,UPMC ST MARGARET,PITTSBURGH,ALLEGHENY,42003,15215,Acute Care Hospitals,False,Voluntary non-profit - Private,True,UPMC,False,1,True,True,False,Epic,False,name_city_exact
390107,UPMC PASSAVANT,PITTSBURGH,ALLEGHENY,42003,15237,Acute Care Hospitals,False,Voluntary non-profit - Private,True,UPMC,False,1,True,True,True,athenahealth,False,name_city_exact
390110,CONEMAUGH MEMORIAL MEDICAL CENTER,JOHNSTOWN,CAMBRIA,42021,15905,Acute Care Hospitals,False,Proprietary,True,Conemaugh Health System,False,3,True,True,False,Epic,False,name_city_exact
390111,HOSPITAL OF UNIV OF PENNSYLVANIA,PHILADELPHIA,PHILADELPHIA,42101,19104,Acute Care Hospitals,False,Voluntary non-profit - Private,True,,False,1,True,True,False,Epic,False,name_city_exact
390112,CHAN SOON- SHIONG MEDICAL CENTER AT WINDBER,WINDBER,SOMERSET,42111,15963,Acute Care Hospitals,False,Voluntary non-profit - Private,True,,True,6,True,True,True,MEDITECH,False,name_city_exact
390113,MEADVILLE MEDICAL CENTER,MEADVILLE,CRAWFORD,42039,16335,Acute Care Hospitals,False,Voluntary non-profit - Private,True,,True,4,True,True,True,MEDITECH,False,name_city_exact
390114,MAGEE WOMENS HOSPITAL OF UPMC HEALTH SYSTEM,PITTSBURGH,ALLEGHENY,42003,15213,Acute Care Hospitals,False,Voluntary non-profit - Other,True,UPMC,False,1,True,True,False,Epic,False,name_city_token
390115,JEFFERSON HEALTH- NORTHEAST,PHILADELPHIA,PHILADELPHIA,42101,19114,Acute Care Hospitals,False,Voluntary non-profit - Private,True,Jefferson Health,False,1,True,True,False,Epic,False,name_city_token
390116,SUBURBAN COMMUNITY HOSPITAL,NORRISTOWN,MONTGOMERY,42091,19401,Acute Care Hospitals,False,Voluntary non-profit - Private,True,,False,1,True,True,True,athenahealth,False,name_city_exact
390117,UPMC BEDFORD MEMORIAL,EVERETT,BEDFORD,42009,15537,Acute Care Hospitals,False,Voluntary non-profit - Private,True,UPMC,True,8,True,True,False,Epic,False,name_city_exact
390123,POTTSTOWN HOSPITAL,POTTSTOWN,MONTGOMERY,42091,19464,Acute Care Hospitals,False,Voluntary non-profit - Private,True,,False,1,True,True,False,Epic,False,name_city_exact
390125,WAYNE MEMORIAL HOSPITAL,HONESDALE,WAYNE,42127,18431,Acute Care Hospitals,False,Voluntary non-profit - Private,True,,True,6,True,True,True,MEDITECH,False,name_city_exact
390127,PHOENIXVILLE HOSPITAL,PHOENIXVILLE,CHESTER,42029,19460,Acute Care Hospitals,False,Voluntary non-profit - Private,True,,False,1,True,True,False,Epic,False,name_city_exact
39012F,VA PITTSBURGH HEALTHCARE SYSTEM - UNIV DR,PITTSBURGH,ALLEGHENY,42003,15240,Acute Care - Veterans Administration,False,Veterans Health Administration,True,,False,1,True,True,True,AdvancedMD,True,name_city_token
390133,LEHIGH VALLEY HOSPITAL,ALLENTOWN,LEHIGH,42077,18103,Acute Care Hospitals,False,Voluntary non-profit - Private,True,Lehigh Valley Health Network,False,2,True,True,True,athenahealth,False,name_city_exact
390137,WILKES-BARRE GENERAL HOSPITAL,WILKES-BARRE,LUZERNE,42079,18764,Acute Care Hospitals,False,Proprietary,True,,False,2,True,True,False,Epic,False,name_city_token
390138,WELLSPAN WAYNESBORO HOSPITAL,WAYNESBORO,FRANKLIN,42055,17268,Acute Care Hospitals,False,Voluntary non-profit - Private,True,WellSpan Health,False,3,True,True,False,Epic,False,name_city_exact
390139,BRYN MAWR HOSPITAL,BRYN MAWR,MONTGOMERY,42091,19010,Acute Care Hospitals,False,Voluntary non-profit - Private,True,,False,1,True,True,True,athenahealth,False,name_city_exact
39013F,WILKES BARRE VA MEDICAL CENTER,WILKES-BARRE,LUZERNE,42079,18711,Acute Care - Veterans Administration,False,Veterans Health Administration,True,Veterans Health Administration,False,2,True,True,False,Epic,False,name_city_token
390142,JEFFERSON EINSTEIN PHILADELPHIA HOSPITAL,PHILADELPHIA,PHILADELPHIA,42101,19141,Acute Care Hospitals,False,Voluntary non-profit - Other,True,Jefferson Health,False,1,False,False,False,,False,
390145,EXCELA HEALTH WESTMORELAND REGIONAL HOSPITAL,GREENSBURG,WESTMORELAND,42129,15601,Acute Care Hospitals,False,Voluntary non-profit - Other,True,Excela Health,False,1,False,False,False,,False,
390146,WARREN GENERAL HOSPITAL,WARREN,WARREN,42123,16365,Acute Care Hospitals,False,Voluntary non-profit - Private,True,,True,6,True,True,True,MEDITECH,False,name_city_exact
390147,PENN HIGHLANDS MON VALLEY,MONONGAHELA,WASHINGTON,42125,15063,Acute Care Hospitals,False,Voluntary non-profit - Private,True,Penn Highlands Healthcare,False,1,False,False,False,,False,
390150,UPMC GREENE,WAYNESBURG,GREENE,42059,15370,Acute Care Hospitals,False,Voluntary non-profit - Private,True,UPMC,True,6,True,True,False,Epic,False,name_city_exact
390151,WELLSPAN CHAMBERSBURG HOSPITAL,CHAMBERSBURG,FRANKLIN,42055,17201,Acute Care Hospitals,False,Voluntary non-profit - Private,True,WellSpan Health,False,3,True,True,False,Epic,False,name_city_exact
390153,PAOLI HOSPITAL,PAOLI,CHESTER,42029,19301,Acute Care Hospitals,False,Voluntary non-profit - Private,True,,False,1,True,True,True,athenahealth,False,name_city_exact
390156,MERCY CATHOLIC MEDICAL CENTER- MERCY FITZGERALD,DARBY,DELAWARE,42045,19023,Acute Care Hospitals,False,Voluntary non-profit - Private,True,,False,1,False,False,False,,False,
390160,CANONSBURG GENERAL HOSPITAL,CANONSBURG,WASHINGTON,42125,15317,Acute Care Hospitals,False,Voluntary non-profit - Private,True,,False,1,True,True,False,Epic,False,name_city_exact
390162,ST LUKE'S HOSPITAL - EASTON CAMPUS,EASTON,NORTHAMPTON,42095,18042,Acute Care Hospitals,False,Voluntary non-profit - Private,True,St. Luke's University Health Network,False,2,True,True,False,Epic,False,name_city_exact
390163,ACMH HOSPITAL,KITTANNING,ARMSTRONG,42005,16201,Acute Care Hospitals,False,Voluntary non-profit - Private,True,,False,1,True,True,True,athenahealth,False,name_city_exact
390164,UPMC PRESBYTERIAN SHADYSIDE,PITTSBURGH,ALLEGHENY,42003,15213,Acute Care Hospitals,False,Voluntary non-profit - Private,True,UPMC,False,1,True,True,True,athenahealth,False,name_city_exact
390168,INDEPENDENCE HEALTH SYSTEM BUTLER MEMORIAL HOSPITA,BUTLER,BUTLER,42019,16001,Acute Care Hospitals,False,Voluntary non-profit - Private,True,,False,1,False,False,False,,False,
390173,INDIANA REGIONAL MEDICAL CENTER,INDIANA,INDIANA,42063,15701,Acute Care Hospitals,False,Voluntary non-profit - Private,True,,True,4,True,True,True,Oracle Health (Cerner),False,name_city_exact
390174,THOMAS JEFFERSON UNIVERSITY HOSPITAL,PHILADELPHIA,PHILADELPHIA,42101,19107,Acute Care Hospitals,False,Voluntary non-profit - Private,True,Jefferson Health,False,1,True,True,False,Epic,False,name_city_exact
390178,UPMC HORIZON,GREENVILLE,MERCER,42085,16125,Acute Care Hospitals,False,Voluntary non-profit - Private,True,UPMC,True,4,True,True,False,Epic,False,name_city_token
390179,CHESTER COUNTY HOSPITAL,WEST CHESTER,CHESTER,42029,19380,Acute Care Hospitals,False,Voluntary non-profit - Private,True,,False,1,True,True,False,Epic,False,name_city_exact
390180,CROZER CHESTER MEDICAL CENTER,UPLAND,DELAWARE,42045,19013,Acute Care Hospitals,False,Voluntary non-profit - Other,True,Crozer Health,False,1,False,False,False,,False,
390183,ST LUKE'S MINERS MEMORIAL HOSPITAL,COALDALE,SCHUYLKILL,42107,18218,Acute Care Hospitals,False,Voluntary non-profit - Private,True,St. Luke's University Health Network,True,4,True,True,False,Epic,False,name_city_token
390184,PENN HIGHLANDS CONNELLSVILLE,CONNELLSVILLE,FAYETTE,42051,15425,Acute Care Hospitals,False,Voluntary non-profit - Private,True,Penn Highlands Healthcare,False,1,False,False,False,,False,
390185,LEHIGH VALLEY HOSPITAL - HAZLETON,HAZLETON,LUZERNE,42079,18201,Acute Care Hospitals,False,Voluntary non-profit - Other,True,Lehigh Valley Health Network,False,2,True,True,False,Epic,False,name_city_exact
390195,MAIN LINE HOSPITAL LANKENAU,WYNNEWOOD,MONTGOMERY,42091,19096,Acute Care Hospitals,False,Voluntary non-profit - Private,True,Main Line Health,False,1,True,True,False,Epic,False,name_city_exact
390198,LECOM MEDICAL CENTER AND BEHAVIORAL HEALTH PAV,ERIE,ERIE,42049,16509,Acute Care Hospitals,False,Voluntary non-profit - Private,True,,False,2,False,False,False,,False,
390199,PUNXSUTAWNEY AREA HOSPITAL,PUNXSUTAWNEY,JEFFERSON,42065,15767,Acute Care Hospitals,False,Voluntary non-profit - Private,True,,True,7,True,True,True,athenahealth,False,name_city_exact
390201,LEHIGH VALLEY HOSPITAL - POCONO,EAST STROUDSBURG,MONROE,42089,18301,Acute Care Hospitals,False,Voluntary non-profit - Private,True,Lehigh Valley Health Network,True,4,True,True,False,Epic,False,name_city_exact
390203,DOYLESTOWN HOSPITAL,DOYLESTOWN,BUCKS,42017,18901,Acute Care Hospitals,False,Voluntary non-profit - Private,True,,False,1,True,True,True,MEDITECH,False,name_city_exact
390204,NAZARETH HOSPITAL,PHILADELPHIA,PHILADELPHIA,42101,19152,Acute Care Hospitals,False,Voluntary non-profit - Private,True,,False,1,True,True,False,Epic,False,name_city_exact
390211,SHARON REGIONAL MEDICAL CENTER,SHARON,MERCER,42085,16146,Acute Care Hospitals,False,Proprietary,True,,True,4,True,True,True,Oracle Health (Cerner),False,name_city_exact
390217,EXCELA HEALTH - FRICK HOSPITAL,MOUNT PLEASANT,WESTMORELAND,42129,15666,Acute Care Hospitals,False,Voluntary non-profit - Other,True,Excela Health,False,1,False,False,False,,False,
390219,EXCELA HEALTH LATROBE HOSPITAL,LATROBE,WESTMORELAND,42129,15650,Acute Care Hospitals,False,Voluntary non-profit - Private,True,Excela Health,False,1,False,False,False,,False,
390222,RIDDLE MEMORIAL HOSPITAL,MEDIA,DELAWARE,42045,19063,Acute Care Hospitals,False,Voluntary non-profit - Private,True,,False,1,True,True,True,athenahealth,False,name_city_exact
390223,PENN PRESBYTERIAN MEDICAL CENTER,PHILADELPHIA,PHILADELPHIA,42101,19104,Acute Care Hospitals,False,Voluntary non-profit - Other,True,,False,1,True,True,False,Epic,False,name_city_exact
390225,WELLSPAN EPHRATA COMMUNITY HOSPITAL,EPHRATA,LANCASTER,42071,17522,Acute Care Hospitals,False,Voluntary non-profit - Other,True,WellSpan Health,False,2,True,True,False,Epic,False,name_city_exact
390226,PENNSYLVANIA HOSPITAL,PHILADELPHIA,PHILADELPHIA,42101,19107,Acute Care Hospitals,False,Voluntary non-profit - Private,True,,False,1,True,True,False,Epic,False,name_city_exact
390228,ST CLAIR HOSPITAL,PITTSBURGH,ALLEGHENY,42003,15243,Acute Care Hospitals,False,Voluntary non-profit - Private,True,,False,1,True,True,True,athenahealth,False,name_city_exact
390231,JEFFERSON ABINGTON HOSPITAL,ABINGTON,MONTGOMERY,42091,19001,Acute Care Hospitals,False,Voluntary non-profit - Private,True,Jefferson Health,False,1,True,True,False,Epic,False,name_city_exact
390233,UPMC HANOVER,HANOVER,YORK,42133,17331,Acute Care Hospitals,False,Voluntary non-profit - Private,True,UPMC,False,2,True,True,False,Epic,False,name_city_exact
390237,REGIONAL HOSPITAL OF SCRANTON,SCRANTON,LACKAWANNA,42069,18501,Acute Care Hospitals,False,Proprietary,True,,False,2,True,True,True,athenahealth,False,name_city_exact
390256,MILTON S HERSHEY MEDICAL CENTER,HERSHEY,DAUPHIN,42043,17033,Acute Care Hospitals,False,Voluntary non-profit - Private,True,,False,2,True,True,True,Oracle Health (Cerner),False,name_city_token
390258,ST MARY MEDICAL CENTER,LANGHORNE,BUCKS,42017,19047,Acute Care Hospitals,False,Voluntary non-profit - Private,True,,False,1,True,True,True,athenahealth,False,name_city_exact
390265,JEFFERSON HOSPITAL,JEFFERSON HILLS,ALLEGHENY,42003,15025,Acute Care Hospitals,False,Voluntary non-profit - Private,True,Jefferson Health,False,1,True,True,False,Epic,False,name_city_exact
390266,GROVE CITY MEDICAL CENTER,GROVE CITY,MERCER,42085,16127,Acute Care Hospitals,False,Voluntary non-profit - Private,True,,True,4,True,True,False,Epic,False,name_city_exact
390267,FORBES HOSPITAL,MONROEVILLE,ALLEGHENY,42003,15146,Acute Care Hospitals,False,Voluntary non-profit - Private,True,,False,1,True,True,False,Epic,False,name_city_exact
390268,MOUNT NITTANY MEDICAL CENTER,STATE COLLEGE,CENTRE,42027,16803,Acute Care Hospitals,False,Voluntary non-profit - Private,True,,False,3,True,True,True,MEDITECH,False,name_city_exact
390270,GEISINGER WYOMING VALLEY MEDICAL CENTER,WILKES BARRE,LUZERNE,42079,18711,Acute Care Hospitals,False,Voluntary non-profit - Private,True,Geisinger,False,2,True,True,False,Epic,False,name_city_token
390272,VALLEY FORGE MEDICAL CENTER,NORRISTOWN,MONTGOMERY,42091,19403,Acute Care Hospitals,False,Proprietary,False,,False,1,True,True,True,TruBridge,False,name_city_exact
390278,EAGLEVILLE HOSPITAL,EAGLEVILLE,MONTGOMERY,42091,19403,Acute Care Hospitals,False,Voluntary non-profit - Private,False,,False,1,False,False,False,,False,
390304,ROXBOROUGH MEMORIAL HOSPITAL,PHILADELPHIA,PHILADELPHIA,42101,19128,Acute Care Hospitals,False,Proprietary,True,,False,1,True,True,False,Epic,False,name_city_exact
390307,EDGEWOOD SURGICAL HOSPITAL,TRANSFER,MERCER,42085,16154,Acute Care Hospitals,False,Physician,False,,True,4,True,True,True,TruBridge,False,name_city_exact
390316,SURGICAL INSTITUTE OF READING,WYOMISSING,BERKS,42011,19610,Acute Care Hospitals,False,Physician,False,,False,2,True,True,True,TruBridge,False,name_city_exact
390322,ROTHMAN ORTHOPAEDIC SPECIALTY HOSPITAL,BENSALEM,BUCKS,42017,19020,Acute Care Hospitals,False,Proprietary,False,,False,1,False,False,False,,False,
390323,ADVANCED SURGICAL HOSPITAL,WASHINGTON,WASHINGTON,42125,15301,Acute Care Hospitals,False,Physician,False,,False,1,True,True,True,TruBridge,False,name_city_exact
390324,PHYSICIANS CARE SURGICAL HOSPITAL,ROYERSFORD,MONTGOMERY,42091,19468,Acute Care Hospitals,False,Physician,False,,False,1,False,False,False,,False,
390325,OSS ORTHOPAEDIC HOSPITAL,YORK,YORK,42133,17402,Acute Care Hospitals,False,Proprietary,False,,False,2,True,True,True,Oracle Health (Cerner),False,name_city_token
390327,WELLSPAN SURGERY AND REHABILITATION HOSPITAL,YORK,YORK,42133,17403,Acute Care Hospitals,False,Voluntary non-profit - Private,False,WellSpan Health,False,2,True,True,False,Epic,False,name_city_exact
390328,UPMC EAST,MONROEVILLE,ALLEGHENY,42003,15146,Acute Care Hospitals,False,Voluntary non-profit - Private,True,UPMC,False,1,True,True,False,Epic,False,name_city_exact
390329,JEFFERSON EINSTEIN MONTGOMERY HOSPITAL,EAST NORRITON,MONTGOMERY,42091,19403,Acute Care Hospitals,False,Voluntary non-profit - Private,True,Jefferson Health,False,1,False,False,False,,False,
390330,ST LUKE'S HOSPITAL - MONROE CAMPUS,STROUDSBURG,MONROE,42089,18360,Acute Care Hospitals,False,Voluntary non-profit - Private,True,St. Luke's University Health Network,True,4,True,True,False,Epic,False,name_city_exact
390331,WILLS EYE HOSPITAL,PHILADELPHIA,PHILADELPHIA,42101,19107,Acute Care Hospitals,False,Voluntary non-profit - Private,False,,False,1,True,True,True,Oracle Health (Cerner),False,name_city_token
390332,GEISINGER ST. LUKE'S  HOSPITAL,ORWIGSBURG,SCHUYLKILL,42107,17961,Acute Care Hospitals,False,Voluntary non-profit - Private,False,Geisinger,True,4,True,True,False,Epic,False,name_city_token
390333,"AHN EMERUS WESTMORELAND, LLC",GREENSBURG,WESTMORELAND,42129,15601,Acute Care Hospitals,False,Proprietary,True,,False,1,False,False,False,,False,
390334,AHN WEXFORD HOSPITAL,WEXFORD,ALLEGHENY,42003,15090,Acute Care Hospitals,False,Voluntary non-profit - Private,True,,False,1,True,True,True,athenahealth,False,name_city_exact
390335,ST LUKE'S HOSPITAL - CARBON CAMPUS,LEHIGHTON,CARBON,42025,18235,Acute Care Hospitals,False,Voluntary non-profit - Private,True,St. Luke's University Health Network,False,2,False,False,False,,False,
390336,PENN STATE HEALTH HAMPDEN MEDICAL CENTER,ENOLA,CUMBERLAND,42041,17025,Acute Care Hospitals,False,Voluntary non-profit - Private,True,Penn State Health,False,2,True,True,True,athenahealth,False,name_city_exact
390337,GEISINGER MEDICAL CENTER MUNCY,MUNCY,LYCOMING,42081,17756,Acute Care Hospitals,False,Voluntary non-profit - Private,True,Geisinger,False,3,True,True,False,Epic,False,name_city_exact
390338,LEHIGH VALLEY HOSPITAL - DICKSON CITY,DICKSON CITY,LACKAWANNA,42069,18519,Acute Care Hospitals,False,Voluntary non-profit - Private,True,Lehigh Valley Health Network,False,2,True,True,False,Epic,False,name_city_exact
390339,PENN STATE HEALTH LANCASTER MEDICAL CENTER,LANCASTER,LANCASTER,42071,17601,Acute Care Hospitals,False,Voluntary non-profit - Private,True,Penn State Health,False,2,False,False,False,,False,
390430,LEHIGH VALLEY HOSPITAL - MACUNGIE,MACUNGIE,LEHIGH,42077,18062,Acute Care Hospitals,False,Proprietary,True,Lehigh Valley Health Network,False,2,True,True,False,Epic,False,name_city_exact
391300,GEISINGER JERSEY SHORE HOSPITAL,JERSEY SHORE,LYCOMING,42081,17740,Critical Access Hospitals,True,Voluntary non-profit - Private,True,Geisinger,False,3,True,True,False,Epic,False,name_city_exact
391301,UPMC MUNCY,MUNCY,LYCOMING,42081,17756,Critical Access Hospitals,True,Voluntary non-profit - Private,True,UPMC,False,3,True,True,False,Epic,False,name_city_exact
391302,CONEMAUGH MEYERSDALE MEDICAL CENTER,MEYERSDALE,SOMERSET,42111,15552,Critical Access Hospitals,True,Proprietary,True,Conemaugh Health System,True,6,True,True,False,Epic,False,name_city_exact
391303,FULTON COUNTY MEDICAL CENTER,MCCONNELLSBURG,FULTON,42057,17233,Critical Access Hospitals,True,Voluntary non-profit - Private,True,,True,8,True,True,True,MEDITECH,False,name_city_exact
391304,BUCKTAIL MEDICAL CENTER,RENOVO,CLINTON,42035,17764,Critical Access Hospitals,True,Voluntary non-profit - Private,True,,True,6,True,True,True,TruBridge,False,name_city_exact
391305,TROY COMMUNITY HOSPITAL,TROY,BRADFORD,42015,16947,Critical Access Hospitals,True,Voluntary non-profit - Private,True,,True,6,True,True,False,Epic,False,name_city_exact
391306,ENDLESS MOUNTAINS HEALTH SYSTEMS,MONTROSE,SUSQUEHANNA,42115,18801,Critical Access Hospitals,True,Voluntary non-profit - Private,True,,True,8,False,False,False,,False,
391307,PENN HIGHLANDS TYRONE,TYRONE,BLAIR,42013,16686,Critical Access Hospitals,True,Voluntary non-profit - Private,True,Penn Highlands Healthcare,False,3,False,False,False,,False,
391308,LECOM HEALTH CORRY MEMORIAL HOSPITAL,CORRY,ERIE,42049,16407,Critical Access Hospitals,True,Government - Hospital District or Authority,True,,False,2,False,False,False,,False,
391309,BARNES-KASSON COUNTY HOSPITAL,SUSQUEHANNA,SUSQUEHANNA,42115,18847,Critical Access Hospitals,True,Voluntary non-profit - Private,True,,True,8,True,True,True,TruBridge,False,name_city_exact
391312,PENN HIGHLANDS BROOKVILLE,BROOKVILLE,JEFFERSON,42065,15825,Critical Access Hospitals,True,Voluntary non-profit - Private,True,Penn Highlands Healthcare,True,7,False,False,False,,False,
391313,UPMC COLE,COUDERSPORT,POTTER,42105,16915,Critical Access Hospitals,True,Voluntary non-profit - Private,True,UPMC,True,9,True,True,False,Epic,False,name_city_exact
391314,TITUSVILLE AREA HOSPITAL,TITUSVILLE,CRAWFORD,42039,16354,Critical Access Hospitals,True,Voluntary non-profit - Private,True,,True,4,False,False,False,,False,
391315,PENN HIGHLANDS ELK,SAINT MARYS,ELK,42047,15857,Critical Access Hospitals,True,Voluntary non-profit - Private,True,Penn Highlands Healthcare,True,7,False,False,False,,False,
391316,UPMC WELLSBORO,WELLSBORO,TIOGA,42117,16901,Critical Access Hospitals,True,Voluntary non-profit - Private,True,UPMC,True,8,True,True,False,Epic,False,name_city_exact
391317,CONEMAUGH MINERS MEDICAL CENTER,HASTINGS,CAMBRIA,42021,16646,Critical Access Hospitals,True,Proprietary,True,Conemaugh Health System,False,3,True,True,False,Epic,False,name_city_exact
391318,UPMC KANE,KANE,MC KEAN,42083,16735,Critical Access Hospitals,True,Voluntary non-profit - Private,True,UPMC,True,7,True,True,True,TruBridge,False,name_city_exact
393302,UPMC CHILDREN'S HOSPITAL OF PITTSBURGH,PITTSBURGH,ALLEGHENY,42003,15224,Childrens,False,Voluntary non-profit - Other,True,UPMC,False,1,True,True,False,Epic,False,name_city_exact
393303,CHILDREN'S HOSPITAL OF PHILADELPHIA,PHILADELPHIA,PHILADELPHIA,42101,19104,Childrens,False,Voluntary non-profit - Private,True,,False,1,True,True,False,Epic,False,name_city_exact
393304,CHILDREN'S HOME OF PITTSBURGH,PITTSBURGH,ALLEGHENY,42003,15224,Childrens,False,Voluntary non-profit - Private,False,,False,1,False,False,False,,False,
393307,ST CHRISTOPHER'S HOSPITAL FOR CHILDREN,PHILADELPHIA,PHILADELPHIA,42101,19134,Childrens,False,Proprietary,True,,False,1,True,True,False,Epic,False,name_city_exact
393309,SHRINERS HOSPITALS FOR CHILDREN - PHILADELPHIA,PHILADELPHIA,PHILADELPHIA,42101,19104,Childrens,False,Voluntary non-profit - Other,False,,False,1,True,True,False,Epic,False,name_city_token
394001,NORRISTOWN STATE HOSPITAL,NORRISTOWN,MONTGOMERY,42091,19401,Psychiatric,False,Government - State,False,,False,1,False,False,False,,False,
394004,DANVILLE STATE HOSPITAL,DANVILLE,MONTOUR,42093,17821,Psychiatric,False,Government - State,False,,True,6,False,False,False,,False,
394008,FRIENDS HOSPITAL,PHILADELPHIA,PHILADELPHIA,42101,19124,Psychiatric,False,Proprietary,False,,False,1,False,False,False,,False,
394012,CLARKS SUMMIT STATE HOSPITAL,CLARKS SUMMIT,LACKAWANNA,42069,18411,Psychiatric,False,Government - State,False,,False,2,False,False,False,,False,
394014,WERNERSVILLE STATE HOSPITAL,WERNERSVILLE,BERKS,42011,19565,Psychiatric,False,Government - State,False,,False,2,False,False,False,,False,
394016,WARREN STATE HOSPITAL,NORTH WARREN,WARREN,42123,16365,Psychiatric,False,Government - State,False,,True,6,False,False,False,,False,
394020,PHILHAVEN HOSPITAL,MT GRETNA,LEBANON,42075,17064,Psychiatric,False,Voluntary non-profit - Church,False,,False,3,False,False,False,,False,
394023,BELMONT BEHAVIORAL HOSPITAL,PHILADELPHIA,PHILADELPHIA,42101,19131,Psychiatric,False,Voluntary non-profit - Private,False,,False,1,False,False,False,,False,
394026,TORRANCE STATE HOSPITAL,TORRANCE,WESTMORELAND,42129,15779,Psychiatric,False,Government - State,False,,False,1,False,False,False,,False,
394027,FAIRMOUNT BEHAVIORAL HEALTH SYSTEM,PHILADELPHIA,PHILADELPHIA,42101,19128,Psychiatric,False,Proprietary,False,,False,1,False,False,False,,False,
394033,MONTGOMERY COUNTY EMERGENCY SERVICE,NORRISTOWN,MONTGOMERY,42091,19403,Psychiatric,False,Voluntary non-profit - Private,False,,False,1,True,True,True,athenahealth,False,name_city_token
394034,HORSHAM CLINIC,AMBLER,MONTGOMERY,42091,19002,Psychiatric,False,Proprietary,True,,False,1,True,True,True,athenahealth,False,name_city_exact
394038,FOUNDATIONS BEHAVIORAL HEALTH,DOYLESTOWN,BUCKS,42017,18901,Psychiatric,False,Voluntary non-profit - Private,False,,False,1,False,False,False,,False,
394040,MEADOWS PSYCHIATRIC CENTER,CENTRE HALL,CENTRE,42027,16828,Psychiatric,False,Proprietary,True,,False,3,False,False,False,,False,
394043,CLARION PSYCHIATRIC CENTER,CLARION,CLARION,42031,16214,Psychiatric,False,Proprietary,True,,True,6,False,False,False,,False,
394049,BROOKE GLEN BEHAVIORAL HOSPITAL,FORT WASHINGTON,MONTGOMERY,42091,19034,Psychiatric,False,Voluntary non-profit - Private,False,,False,1,True,True,True,athenahealth,False,name_city_exact
394050,ROXBURY TREATMENT CENTER,SHIPPENSBURG,CUMBERLAND,42041,17257,Psychiatric,False,Proprietary,False,,False,2,False,False,False,,False,
394051,PENNSYLVANIA PSYCHIATRIC INSTITUTE,HARRISBURG,DAUPHIN,42043,17110,Psychiatric,False,Proprietary,True,,False,2,False,False,False,,False,
394052,HAVEN BEHAVIORAL HOSPITAL OF EASTERN PENNSYLVANIA,READING,BERKS,42011,19601,Psychiatric,False,Proprietary,False,,False,2,False,False,False,,False,
394053,HAVEN BEHAVIORAL HOSPITAL OF PHILADELPHIA,PHILADELPHIA,PHILADELPHIA,42101,19129,Psychiatric,False,Proprietary,False,,False,1,False,False,False,,False,
394055,LANCASTER BEHAVIORAL HEALTH HOSPITAL,LANCASTER,LANCASTER,42071,17603,Psychiatric,False,Voluntary non-profit - Other,False,,False,2,True,True,False,Epic,False,name_city_exact
394056,TOWER BEHAVIORAL HEALTH,READING,BERKS,42011,19605,Psychiatric,False,Proprietary,False,,False,2,False,False,False,,False,
394057,MALVERN BEHAVIORAL HEALTH,PHILADELPHIA,PHILADELPHIA,42101,19145,Psychiatric,False,Voluntary non-profit - Other,False,,False,1,False,False,False,,False,
394058,BERWICK HOSPITAL CENTER,BERWICK,COLUMBIA,42037,18603,Psychiatric,False,Proprietary,False,,True,4,True,True,True,athenahealth,False,name_city_exact
394059,GEISINGER BEHAVIORAL HEALTH CENTER NORTHEAST,MOOSIC,LACKAWANNA,42069,18507,Psychiatric,False,Proprietary,False,Geisinger,False,2,True,True,False,Epic,False,name_city_exact
394062,HAVEN BEHAVIORAL HOSPITAL OF WEST CHESTER,WEST CHESTER,CHESTER,42029,19380,Psychiatric,False,Proprietary,False,,False,1,False,False,False,,False,
